,PassengerId,Survived,Pclass,Age,SibSp,Parch,Fare
PassengerId,1.0,-0.005006660767066476,-0.03514399403037967,0.03684719786132784,-0.057526833784441705,-0.0016520124027188286,0.01265821928749123
Survived,-0.005006660767066476,1.0,-0.33848103596101586,-0.07722109457217737,-0.03532249888573588,0.08162940708348222,0.2573065223849618
Pclass,-0.03514399403037967,-0.33848103596101586,1.0,-0.36922601531551574,0.0830813628456866,0.01844267131074835,-0.5494996199439061
Age,0.03684719786132784,-0.07722109457217737,-0.36922601531551574,1.0,-0.3082467589236574,-0.18911926263203518,0.09606669176903881
SibSp,-0.057526833784441705,-0.03532249888573588,0.0830813628456866,-0.3082467589236574,1.0,0.41483769862015263,0.15965104324216103
Parch,-0.0016520124027188286,0.08162940708348222,0.01844267131074835,-0.18911926263203518,0.41483769862015263,1.0,0.21622494477076254
Fare,0.01265821928749123,0.2573065223849618,-0.5494996199439061,0.09606669176903881,0.15965104324216103,0.21622494477076254,1.0
